metric,mean,std
ate_bias,0.047441291809082034,0.10254356936281958
ate_abs_error,0.07446517944335937,0.07998249896943607
cate_rmse,0.6492459833621979,0.21042706770111072
factual_mse,1.6663095712661744,0.48969221719775646
propensity_mean,0.179150053858757,0.023843514435873712
