dataset,rep,seed,n_train,n_valid,n_test,method,treat_epochs,outcome_epochs,ate_true,ate_hat,ate_bias,ate_abs_error,cate_rmse,factual_mse,propensity_mean
IHDP,1,2022,448,149,150,MOCAOneWayCuttingFeedback,40,60,4.028908729553223,3.9939961433410645,-0.0349125862121582,0.0349125862121582,0.8204463720321655,1.962846040725708,0.15799565613269806
IHDP,1,2023,448,149,150,MOCAOneWayCuttingFeedback,40,60,4.054394721984863,4.261551856994629,0.20715713500976562,0.20715713500976562,0.4817220866680145,1.2289543151855469,0.15090638399124146
IHDP,1,2024,448,149,150,MOCAOneWayCuttingFeedback,40,60,4.088965892791748,4.096834182739258,0.007868289947509766,0.007868289947509766,0.4692752957344055,1.3123414516448975,0.2075451910495758
IHDP,1,2025,448,149,150,MOCAOneWayCuttingFeedback,40,60,4.0497660636901855,4.01711893081665,-0.032647132873535156,0.032647132873535156,0.5479001998901367,1.4487944841384888,0.18865303695201874
IHDP,1,2026,448,149,150,MOCAOneWayCuttingFeedback,40,60,3.9552693367004395,4.045010089874268,0.08974075317382812,0.08974075317382812,0.9268859624862671,2.3786115646362305,0.19065000116825104
